"../CHNSteamPatch-v1.0.0-Setup/DIST/languagebarrier/c0data/bbs_02_039a.webp", "/bbs_02_039a.webp",0, Uncompress
"../CHNSteamPatch-v1.0.0-Setup/DIST/languagebarrier/c0data/bbs_05_094a.webp", "/bbs_05_094a.webp",1, Uncompress
"../CHNSteamPatch-v1.0.0-Setup/DIST/languagebarrier/c0data/bbs_05_107a.webp", "/bbs_05_107a.webp",2, Uncompress
"../CHNSteamPatch-v1.0.0-Setup/DIST/languagebarrier/c0data/bbs_06_121a.webp", "/bbs_06_121a.webp",3, Uncompress
"../CHNSteamPatch-v1.0.0-Setup/DIST/languagebarrier/c0data/bbs_07_134a.webp", "/bbs_07_134a.webp",4, Uncompress
"../CHNSteamPatch-v1.0.0-Setup/DIST/languagebarrier/c0data/bbs_08_156a.webp", "/bbs_08_156a.webp",5, Uncompress
"../CHNSteamPatch-v1.0.0-Setup/DIST/languagebarrier/c0data/bg_k_157a.webp", "/bg_k_157a.webp",6, Uncompress
"../CHNSteamPatch-v1.0.0-Setup/DIST/languagebarrier/c0data/bg_mveyes01_end.webp", "/bg_mveyes01_end.webp",7, Uncompress
"../CHNSteamPatch-v1.0.0-Setup/DIST/languagebarrier/c0data/bg_mveyes03_end.webp", "/bg_mveyes03_end.webp",8, Uncompress
"../CHNSteamPatch-v1.0.0-Setup/DIST/languagebarrier/c0data/bg_mvpc01_end.webp", "/bg_mvpc01_end.webp",9, Uncompress
"../CHNSteamPatch-v1.0.0-Setup/DIST/languagebarrier/c0data/bg000_01_1.webp", "/bg000_01_1.webp",10, Uncompress
"../CHNSteamPatch-v1.0.0-Setup/DIST/languagebarrier/c0data/bg000_02_1.webp", "/bg000_02_1.webp",11, Uncompress
"../CHNSteamPatch-v1.0.0-Setup/DIST/languagebarrier/c0data/bg003_01_1.webp", "/bg003_01_1.webp",12, Uncompress
"../CHNSteamPatch-v1.0.0-Setup/DIST/languagebarrier/c0data/bg004_01_1.webp", "/bg004_01_1.webp",13, Uncompress
"../CHNSteamPatch-v1.0.0-Setup/DIST/languagebarrier/c0data/bg010_01_1.webp", "/bg010_01_1.webp",14, Uncompress
"../CHNSteamPatch-v1.0.0-Setup/DIST/languagebarrier/c0data/bg011_01_1.webp", "/bg011_01_1.webp",15, Uncompress
"../CHNSteamPatch-v1.0.0-Setup/DIST/languagebarrier/c0data/bg012_01_1.webp", "/bg012_01_1.webp",16, Uncompress
"../CHNSteamPatch-v1.0.0-Setup/DIST/languagebarrier/c0data/bg012_02_1.webp", "/bg012_02_1.webp",17, Uncompress
"../CHNSteamPatch-v1.0.0-Setup/DIST/languagebarrier/c0data/bg013_01_1.webp", "/bg013_01_1.webp",18, Uncompress
"../CHNSteamPatch-v1.0.0-Setup/DIST/languagebarrier/c0data/bg018_02_1.webp", "/bg018_02_1.webp",19, Uncompress
"../CHNSteamPatch-v1.0.0-Setup/DIST/languagebarrier/c0data/bg022_01_1.webp", "/bg022_01_1.webp",20, Uncompress
"../CHNSteamPatch-v1.0.0-Setup/DIST/languagebarrier/c0data/bg026_03_1.webp", "/bg026_03_1.webp",21, Uncompress
"../CHNSteamPatch-v1.0.0-Setup/DIST/languagebarrier/c0data/bg026_03_4.webp", "/bg026_03_4.webp",22, Uncompress
"../CHNSteamPatch-v1.0.0-Setup/DIST/languagebarrier/c0data/bg026_03_6.webp", "/bg026_03_6.webp",23, Uncompress
"../CHNSteamPatch-v1.0.0-Setup/DIST/languagebarrier/c0data/bg026_05_1.webp", "/bg026_05_1.webp",24, Uncompress
"../CHNSteamPatch-v1.0.0-Setup/DIST/languagebarrier/c0data/bg027_04_3.webp", "/bg027_04_3.webp",25, Uncompress
"../CHNSteamPatch-v1.0.0-Setup/DIST/languagebarrier/c0data/bg032_01_2.webp", "/bg032_01_2.webp",26, Uncompress
"../CHNSteamPatch-v1.0.0-Setup/DIST/languagebarrier/c0data/bg034_01_3.webp", "/bg034_01_3.webp",27, Uncompress
"../CHNSteamPatch-v1.0.0-Setup/DIST/languagebarrier/c0data/bg042_01_2.webp", "/bg042_01_2.webp",28, Uncompress
"../CHNSteamPatch-v1.0.0-Setup/DIST/languagebarrier/c0data/bg042_02_2.webp", "/bg042_02_2.webp",29, Uncompress
"../CHNSteamPatch-v1.0.0-Setup/DIST/languagebarrier/c0data/bg042_03_2.webp", "/bg042_03_2.webp",30, Uncompress
"../CHNSteamPatch-v1.0.0-Setup/DIST/languagebarrier/c0data/bg044_01_1.webp", "/bg044_01_1.webp",31, Uncompress
"../CHNSteamPatch-v1.0.0-Setup/DIST/languagebarrier/c0data/bg044_02_1.webp", "/bg044_02_1.webp",32, Uncompress
"../CHNSteamPatch-v1.0.0-Setup/DIST/languagebarrier/c0data/bg044_03_1.webp", "/bg044_03_1.webp",33, Uncompress
"../CHNSteamPatch-v1.0.0-Setup/DIST/languagebarrier/c0data/bg044_04_1.webp", "/bg044_04_1.webp",34, Uncompress
"../CHNSteamPatch-v1.0.0-Setup/DIST/languagebarrier/c0data/bg044_05_1.webp", "/bg044_05_1.webp",35, Uncompress
"../CHNSteamPatch-v1.0.0-Setup/DIST/languagebarrier/c0data/bg047_01_6.webp", "/bg047_01_6.webp",36, Uncompress
"../CHNSteamPatch-v1.0.0-Setup/DIST/languagebarrier/c0data/bg048_01_1.webp", "/bg048_01_1.webp",37, Uncompress
"../CHNSteamPatch-v1.0.0-Setup/DIST/languagebarrier/c0data/bg051_01_1.webp", "/bg051_01_1.webp",38, Uncompress
"../CHNSteamPatch-v1.0.0-Setup/DIST/languagebarrier/c0data/bg051_01_2.webp", "/bg051_01_2.webp",39, Uncompress
"../CHNSteamPatch-v1.0.0-Setup/DIST/languagebarrier/c0data/bg051_02_1.webp", "/bg051_02_1.webp",40, Uncompress
"../CHNSteamPatch-v1.0.0-Setup/DIST/languagebarrier/c0data/bg064_01_2.webp", "/bg064_01_2.webp",41, Uncompress
"../CHNSteamPatch-v1.0.0-Setup/DIST/languagebarrier/c0data/bg065_01_2.webp", "/bg065_01_2.webp",42, Uncompress
"../CHNSteamPatch-v1.0.0-Setup/DIST/languagebarrier/c0data/bg071_01_3.webp", "/bg071_01_3.webp",43, Uncompress
"../CHNSteamPatch-v1.0.0-Setup/DIST/languagebarrier/c0data/bg074_01_1.webp", "/bg074_01_1.webp",44, Uncompress
"../CHNSteamPatch-v1.0.0-Setup/DIST/languagebarrier/c0data/bg074_01_2.webp", "/bg074_01_2.webp",45, Uncompress
"../CHNSteamPatch-v1.0.0-Setup/DIST/languagebarrier/c0data/bg076_01_1.webp", "/bg076_01_1.webp",46, Uncompress
"../CHNSteamPatch-v1.0.0-Setup/DIST/languagebarrier/c0data/bg079_01_1.webp", "/bg079_01_1.webp",47, Uncompress
"../CHNSteamPatch-v1.0.0-Setup/DIST/languagebarrier/c0data/bg079_01_2.webp", "/bg079_01_2.webp",48, Uncompress
"../CHNSteamPatch-v1.0.0-Setup/DIST/languagebarrier/c0data/bg079_01_3.webp", "/bg079_01_3.webp",49, Uncompress
"../CHNSteamPatch-v1.0.0-Setup/DIST/languagebarrier/c0data/bg083_01_1.webp", "/bg083_01_1.webp",50, Uncompress
"../CHNSteamPatch-v1.0.0-Setup/DIST/languagebarrier/c0data/bg083_02_3.webp", "/bg083_02_3.webp",51, Uncompress
"../CHNSteamPatch-v1.0.0-Setup/DIST/languagebarrier/c0data/bg095_01_1.webp", "/bg095_01_1.webp",52, Uncompress
"../CHNSteamPatch-v1.0.0-Setup/DIST/languagebarrier/c0data/bg095_02_1.webp", "/bg095_02_1.webp",53, Uncompress
"../CHNSteamPatch-v1.0.0-Setup/DIST/languagebarrier/c0data/bg097_01_0.webp", "/bg097_01_0.webp",54, Uncompress
"../CHNSteamPatch-v1.0.0-Setup/DIST/languagebarrier/c0data/bg097_01_2.webp", "/bg097_01_2.webp",55, Uncompress
"../CHNSteamPatch-v1.0.0-Setup/DIST/languagebarrier/c0data/bg097_01_3.webp", "/bg097_01_3.webp",56, Uncompress
"../CHNSteamPatch-v1.0.0-Setup/DIST/languagebarrier/c0data/bg097_02_0.webp", "/bg097_02_0.webp",57, Uncompress
"../CHNSteamPatch-v1.0.0-Setup/DIST/languagebarrier/c0data/bg097_02_2.webp", "/bg097_02_2.webp",58, Uncompress
"../CHNSteamPatch-v1.0.0-Setup/DIST/languagebarrier/c0data/bg116_01_1.webp", "/bg116_01_1.webp",59, Uncompress
"../CHNSteamPatch-v1.0.0-Setup/DIST/languagebarrier/c0data/bg117_01_3.webp", "/bg117_01_3.webp",60, Uncompress
"../CHNSteamPatch-v1.0.0-Setup/DIST/languagebarrier/c0data/bg118_01_3.webp", "/bg118_01_3.webp",61, Uncompress
"../CHNSteamPatch-v1.0.0-Setup/DIST/languagebarrier/c0data/bg118_02_3.webp", "/bg118_02_3.webp",62, Uncompress
"../CHNSteamPatch-v1.0.0-Setup/DIST/languagebarrier/c0data/bg118_03_1.webp", "/bg118_03_1.webp",63, Uncompress
"../CHNSteamPatch-v1.0.0-Setup/DIST/languagebarrier/c0data/bg118_04_3.webp", "/bg118_04_3.webp",64, Uncompress
"../CHNSteamPatch-v1.0.0-Setup/DIST/languagebarrier/c0data/bg118_05_3.webp", "/bg118_05_3.webp",65, Uncompress
"../CHNSteamPatch-v1.0.0-Setup/DIST/languagebarrier/c0data/bg118_06_3.webp", "/bg118_06_3.webp",66, Uncompress
"../CHNSteamPatch-v1.0.0-Setup/DIST/languagebarrier/c0data/bg120_01_3.webp", "/bg120_01_3.webp",67, Uncompress
"../CHNSteamPatch-v1.0.0-Setup/DIST/languagebarrier/c0data/bg121_01_1.webp", "/bg121_01_1.webp",68, Uncompress
"../CHNSteamPatch-v1.0.0-Setup/DIST/languagebarrier/c0data/bg121_02_1.webp", "/bg121_02_1.webp",69, Uncompress
"../CHNSteamPatch-v1.0.0-Setup/DIST/languagebarrier/c0data/bg122_01_3.webp", "/bg122_01_3.webp",70, Uncompress
"../CHNSteamPatch-v1.0.0-Setup/DIST/languagebarrier/c0data/bg123_01_3.webp", "/bg123_01_3.webp",71, Uncompress
"../CHNSteamPatch-v1.0.0-Setup/DIST/languagebarrier/c0data/bg124_01_3.webp", "/bg124_01_3.webp",72, Uncompress
"../CHNSteamPatch-v1.0.0-Setup/DIST/languagebarrier/c0data/bg128_01_3.webp", "/bg128_01_3.webp",73, Uncompress
"../CHNSteamPatch-v1.0.0-Setup/DIST/languagebarrier/c0data/bg128_02_3.webp", "/bg128_02_3.webp",74, Uncompress
"../CHNSteamPatch-v1.0.0-Setup/DIST/languagebarrier/c0data/bg129_01_3.webp", "/bg129_01_3.webp",75, Uncompress
"../CHNSteamPatch-v1.0.0-Setup/DIST/languagebarrier/c0data/bg129_02_1.webp", "/bg129_02_1.webp",76, Uncompress
"../CHNSteamPatch-v1.0.0-Setup/DIST/languagebarrier/c0data/bg129_03_1.webp", "/bg129_03_1.webp",77, Uncompress
"../CHNSteamPatch-v1.0.0-Setup/DIST/languagebarrier/c0data/bg130_01_3.webp", "/bg130_01_3.webp",78, Uncompress
"../CHNSteamPatch-v1.0.0-Setup/DIST/languagebarrier/c0data/bg131_01_3.webp", "/bg131_01_3.webp",79, Uncompress
"../CHNSteamPatch-v1.0.0-Setup/DIST/languagebarrier/c0data/bg131_02_3.webp", "/bg131_02_3.webp",80, Uncompress
"../CHNSteamPatch-v1.0.0-Setup/DIST/languagebarrier/c0data/bg132_01_3.webp", "/bg132_01_3.webp",81, Uncompress
"../CHNSteamPatch-v1.0.0-Setup/DIST/languagebarrier/c0data/bg138_01_1.webp", "/bg138_01_1.webp",82, Uncompress
"../CHNSteamPatch-v1.0.0-Setup/DIST/languagebarrier/c0data/bg139_01_3.webp", "/bg139_01_3.webp",83, Uncompress
"../CHNSteamPatch-v1.0.0-Setup/DIST/languagebarrier/c0data/bg139_02_3.webp", "/bg139_02_3.webp",84, Uncompress
"../CHNSteamPatch-v1.0.0-Setup/DIST/languagebarrier/c0data/bg140_01_3.webp", "/bg140_01_3.webp",85, Uncompress
"../CHNSteamPatch-v1.0.0-Setup/DIST/languagebarrier/c0data/bg141_01_3.webp", "/bg141_01_3.webp",86, Uncompress
"../CHNSteamPatch-v1.0.0-Setup/DIST/languagebarrier/c0data/bg142_01_3.webp", "/bg142_01_3.webp",87, Uncompress
"../CHNSteamPatch-v1.0.0-Setup/DIST/languagebarrier/c0data/bg143_01_1.webp", "/bg143_01_1.webp",88, Uncompress
"../CHNSteamPatch-v1.0.0-Setup/DIST/languagebarrier/c0data/bg144_01_1.webp", "/bg144_01_1.webp",89, Uncompress
"../CHNSteamPatch-v1.0.0-Setup/DIST/languagebarrier/c0data/bg146_01_2.webp", "/bg146_01_2.webp",90, Uncompress
"../CHNSteamPatch-v1.0.0-Setup/DIST/languagebarrier/c0data/bg148_01_2.webp", "/bg148_01_2.webp",91, Uncompress
"../CHNSteamPatch-v1.0.0-Setup/DIST/languagebarrier/c0data/bg148_02_2.webp", "/bg148_02_2.webp",92, Uncompress
"../CHNSteamPatch-v1.0.0-Setup/DIST/languagebarrier/c0data/bg152_01_1.webp", "/bg152_01_1.webp",93, Uncompress
"../CHNSteamPatch-v1.0.0-Setup/DIST/languagebarrier/c0data/bg153_01_1.webp", "/bg153_01_1.webp",94, Uncompress
"../CHNSteamPatch-v1.0.0-Setup/DIST/languagebarrier/c0data/bg156_01_1.webp", "/bg156_01_1.webp",95, Uncompress
"../CHNSteamPatch-v1.0.0-Setup/DIST/languagebarrier/c0data/bg157_02_1.webp", "/bg157_02_1.webp",96, Uncompress
"../CHNSteamPatch-v1.0.0-Setup/DIST/languagebarrier/c0data/bg158_01_1.webp", "/bg158_01_1.webp",97, Uncompress
"../CHNSteamPatch-v1.0.0-Setup/DIST/languagebarrier/c0data/bg158_02_1.webp", "/bg158_02_1.webp",98, Uncompress
"../CHNSteamPatch-v1.0.0-Setup/DIST/languagebarrier/c0data/bg158_03_1.webp", "/bg158_03_1.webp",99, Uncompress
"../CHNSteamPatch-v1.0.0-Setup/DIST/languagebarrier/c0data/bg159_01_1.webp", "/bg159_01_1.webp",100, Uncompress
"../CHNSteamPatch-v1.0.0-Setup/DIST/languagebarrier/c0data/bg159_02_1.webp", "/bg159_02_1.webp",101, Uncompress
"../CHNSteamPatch-v1.0.0-Setup/DIST/languagebarrier/c0data/bg159_03_1.webp", "/bg159_03_1.webp",102, Uncompress
"../CHNSteamPatch-v1.0.0-Setup/DIST/languagebarrier/c0data/bg159_04_1.webp", "/bg159_04_1.webp",103, Uncompress
"../CHNSteamPatch-v1.0.0-Setup/DIST/languagebarrier/c0data/bg171_01_3.webp", "/bg171_01_3.webp",104, Uncompress
"../CHNSteamPatch-v1.0.0-Setup/DIST/languagebarrier/c0data/bg175_01_3.webp", "/bg175_01_3.webp",105, Uncompress
"../CHNSteamPatch-v1.0.0-Setup/DIST/languagebarrier/c0data/bg175_02_3.webp", "/bg175_02_3.webp",106, Uncompress
"../CHNSteamPatch-v1.0.0-Setup/DIST/languagebarrier/c0data/bg176_01_3.webp", "/bg176_01_3.webp",107, Uncompress
"../CHNSteamPatch-v1.0.0-Setup/DIST/languagebarrier/c0data/bg180_01_1.webp", "/bg180_01_1.webp",108, Uncompress
"../CHNSteamPatch-v1.0.0-Setup/DIST/languagebarrier/c0data/bg183_01_3.webp", "/bg183_01_3.webp",109, Uncompress
"../CHNSteamPatch-v1.0.0-Setup/DIST/languagebarrier/c0data/bg183_02_3.webp", "/bg183_02_3.webp",110, Uncompress
"../CHNSteamPatch-v1.0.0-Setup/DIST/languagebarrier/c0data/bg184_02_3.webp", "/bg184_02_3.webp",111, Uncompress
"../CHNSteamPatch-v1.0.0-Setup/DIST/languagebarrier/c0data/bg186_01_1.webp", "/bg186_01_1.webp",112, Uncompress
"../CHNSteamPatch-v1.0.0-Setup/DIST/languagebarrier/c0data/bg186_02_1.webp", "/bg186_02_1.webp",113, Uncompress
"../CHNSteamPatch-v1.0.0-Setup/DIST/languagebarrier/c0data/bg188_01_3.webp", "/bg188_01_3.webp",114, Uncompress
"../CHNSteamPatch-v1.0.0-Setup/DIST/languagebarrier/c0data/bg188_02_3.webp", "/bg188_02_3.webp",115, Uncompress
"../CHNSteamPatch-v1.0.0-Setup/DIST/languagebarrier/c0data/bg188_03_2.webp", "/bg188_03_2.webp",116, Uncompress
"../CHNSteamPatch-v1.0.0-Setup/DIST/languagebarrier/c0data/bg189_01_1.webp", "/bg189_01_1.webp",117, Uncompress
"../CHNSteamPatch-v1.0.0-Setup/DIST/languagebarrier/c0data/bg202_01_1.webp", "/bg202_01_1.webp",118, Uncompress
"../CHNSteamPatch-v1.0.0-Setup/DIST/languagebarrier/c0data/bg203_01_1.webp", "/bg203_01_1.webp",119, Uncompress
"../CHNSteamPatch-v1.0.0-Setup/DIST/languagebarrier/c0data/bg213_01_6.webp", "/bg213_01_6.webp",120, Uncompress
"../CHNSteamPatch-v1.0.0-Setup/DIST/languagebarrier/c0data/bg213_02_6.webp", "/bg213_02_6.webp",121, Uncompress
"../CHNSteamPatch-v1.0.0-Setup/DIST/languagebarrier/c0data/bg219_01_6.webp", "/bg219_01_6.webp",122, Uncompress
"../CHNSteamPatch-v1.0.0-Setup/DIST/languagebarrier/c0data/bg222_01_6.webp", "/bg222_01_6.webp",123, Uncompress
"../CHNSteamPatch-v1.0.0-Setup/DIST/languagebarrier/c0data/bg222_02_6.webp", "/bg222_02_6.webp",124, Uncompress
"../CHNSteamPatch-v1.0.0-Setup/DIST/languagebarrier/c0data/bg225_01_6.webp", "/bg225_01_6.webp",125, Uncompress
"../CHNSteamPatch-v1.0.0-Setup/DIST/languagebarrier/c0data/bg226_01_6.webp", "/bg226_01_6.webp",126, Uncompress
"../CHNSteamPatch-v1.0.0-Setup/DIST/languagebarrier/c0data/bg227_01_6.webp", "/bg227_01_6.webp",127, Uncompress
"../CHNSteamPatch-v1.0.0-Setup/DIST/languagebarrier/c0data/bg227_02_6.webp", "/bg227_02_6.webp",128, Uncompress
"../CHNSteamPatch-v1.0.0-Setup/DIST/languagebarrier/c0data/bg228_01_6.webp", "/bg228_01_6.webp",129, Uncompress
"../CHNSteamPatch-v1.0.0-Setup/DIST/languagebarrier/c0data/bg233_01_6.webp", "/bg233_01_6.webp",130, Uncompress
"../CHNSteamPatch-v1.0.0-Setup/DIST/languagebarrier/c0data/bg235_01_6.webp", "/bg235_01_6.webp",131, Uncompress
"../CHNSteamPatch-v1.0.0-Setup/DIST/languagebarrier/c0data/bg235_02_6.webp", "/bg235_02_6.webp",132, Uncompress
"../CHNSteamPatch-v1.0.0-Setup/DIST/languagebarrier/c0data/bg236_01_6.webp", "/bg236_01_6.webp",133, Uncompress
"../CHNSteamPatch-v1.0.0-Setup/DIST/languagebarrier/c0data/bg236_02_6.webp", "/bg236_02_6.webp",134, Uncompress
"../CHNSteamPatch-v1.0.0-Setup/DIST/languagebarrier/c0data/bg261_01_3.webp", "/bg261_01_3.webp",135, Uncompress
"../CHNSteamPatch-v1.0.0-Setup/DIST/languagebarrier/c0data/bg261_01_3_jp.webp", "/bg261_01_3_jp.webp",136, Uncompress
"../CHNSteamPatch-v1.0.0-Setup/DIST/languagebarrier/c0data/bg901_01_1.webp", "/bg901_01_1.webp",137, Uncompress
"../CHNSteamPatch-v1.0.0-Setup/DIST/languagebarrier/c0data/bg902_01_6.webp", "/bg902_01_6.webp",138, Uncompress
"../CHNSteamPatch-v1.0.0-Setup/DIST/languagebarrier/c0data/bg902_02_6.webp", "/bg902_02_6.webp",139, Uncompress
"../CHNSteamPatch-v1.0.0-Setup/DIST/languagebarrier/c0data/ev016_01.webp", "/ev016_01.webp",140, Uncompress
"../CHNSteamPatch-v1.0.0-Setup/DIST/languagebarrier/c0data/ev037_01.webp", "/ev037_01.webp",141, Uncompress
"../CHNSteamPatch-v1.0.0-Setup/DIST/languagebarrier/c0data/ev039_03.webp", "/ev039_03.webp",142, Uncompress
"../CHNSteamPatch-v1.0.0-Setup/DIST/languagebarrier/c0data/ev039_04.webp", "/ev039_04.webp",143, Uncompress
"../CHNSteamPatch-v1.0.0-Setup/DIST/languagebarrier/c0data/ev049_01.webp", "/ev049_01.webp",144, Uncompress
"../CHNSteamPatch-v1.0.0-Setup/DIST/languagebarrier/c0data/ev051_01.webp", "/ev051_01.webp",145, Uncompress
"../CHNSteamPatch-v1.0.0-Setup/DIST/languagebarrier/c0data/ev061_01.webp", "/ev061_01.webp",146, Uncompress
"../CHNSteamPatch-v1.0.0-Setup/DIST/languagebarrier/c0data/ev062_02.webp", "/ev062_02.webp",147, Uncompress
"../CHNSteamPatch-v1.0.0-Setup/DIST/languagebarrier/c0data/ev142_01.webp", "/ev142_01.webp",148, Uncompress
"../CHNSteamPatch-v1.0.0-Setup/DIST/languagebarrier/c0data/ibg_ensu_win.webp", "/ibg_ensu_win.webp",149, Uncompress
"../CHNSteamPatch-v1.0.0-Setup/DIST/languagebarrier/c0data/ibg_ensu_win2.webp", "/ibg_ensu_win2.webp",150, Uncompress
"../CHNSteamPatch-v1.0.0-Setup/DIST/languagebarrier/c0data/z_warning.webp", "/z_warning.webp",151, Uncompress
"../CHNSteamPatch-v1.0.0-Setup/DIST/languagebarrier/c0data/song01.hca", "/song01.hca",152, Uncompress
"../CHNSteamPatch-v1.0.0-Setup/DIST/languagebarrier/c0data/kaz_l1c.webp", "/kaz_l1c.webp",153, Uncompress
"../CHNSteamPatch-v1.0.0-Setup/DIST/languagebarrier/c0data/kaz_l1c_.mvl", "/kaz_l1c_.mvl",154, Uncompress
"../CHNSteamPatch-v1.0.0-Setup/DIST/languagebarrier/c0data/kaz_l1d.webp", "/kaz_l1d.webp",155, Uncompress
"../CHNSteamPatch-v1.0.0-Setup/DIST/languagebarrier/c0data/kaz_l1d_.mvl", "/kaz_l1d_.mvl",156, Uncompress
"../CHNSteamPatch-v1.0.0-Setup/DIST/languagebarrier/c0data/kaz_l1e.webp", "/kaz_l1e.webp",157, Uncompress
"../CHNSteamPatch-v1.0.0-Setup/DIST/languagebarrier/c0data/kaz_l1e_.mvl", "/kaz_l1e_.mvl",158, Uncompress
"../CHNSteamPatch-v1.0.0-Setup/DIST/languagebarrier/c0data/kaz_s1c.webp", "/kaz_s1c.webp",159, Uncompress
"../CHNSteamPatch-v1.0.0-Setup/DIST/languagebarrier/c0data/kaz_s1c_.mvl", "/kaz_s1c_.mvl",160, Uncompress
"../CHNSteamPatch-v1.0.0-Setup/DIST/languagebarrier/c0data/kaz_s1d.webp", "/kaz_s1d.webp",161, Uncompress
"../CHNSteamPatch-v1.0.0-Setup/DIST/languagebarrier/c0data/kaz_s1d_.mvl", "/kaz_s1d_.mvl",162, Uncompress
"../CHNSteamPatch-v1.0.0-Setup/DIST/languagebarrier/c0data/kaz_s1e.webp", "/kaz_s1e.webp",163, Uncompress
"../CHNSteamPatch-v1.0.0-Setup/DIST/languagebarrier/c0data/kaz_s1e_.mvl", "/kaz_s1e_.mvl",164, Uncompress
"../CHNSteamPatch-v1.0.0-Setup/DIST/languagebarrier/c0data/sei_l2a.webp", "/sei_l2a.webp",165, Uncompress
"../CHNSteamPatch-v1.0.0-Setup/DIST/languagebarrier/c0data/sei_l2a_.mvl", "/sei_l2a_.mvl",166, Uncompress
"../CHNSteamPatch-v1.0.0-Setup/DIST/languagebarrier/c0data/sei_l3a.webp", "/sei_l3a.webp",167, Uncompress
"../CHNSteamPatch-v1.0.0-Setup/DIST/languagebarrier/c0data/sei_l3a_.mvl", "/sei_l3a_.mvl",168, Uncompress
"../CHNSteamPatch-v1.0.0-Setup/DIST/languagebarrier/c0data/sei_s2a.webp", "/sei_s2a.webp",169, Uncompress
"../CHNSteamPatch-v1.0.0-Setup/DIST/languagebarrier/c0data/sei_s2a_.mvl", "/sei_s2a_.mvl",170, Uncompress
"../CHNSteamPatch-v1.0.0-Setup/DIST/languagebarrier/c0data/sei_s3a.webp", "/sei_s3a.webp",171, Uncompress
"../CHNSteamPatch-v1.0.0-Setup/DIST/languagebarrier/c0data/sei_s3a_.mvl", "/sei_s3a_.mvl",172, Uncompress
"../CHNSteamPatch-v1.0.0-Setup/DIST/languagebarrier/c0data/sen_l1g.webp", "/sen_l1g.webp",173, Uncompress
"../CHNSteamPatch-v1.0.0-Setup/DIST/languagebarrier/c0data/sen_l1g_.mvl", "/sen_l1g_.mvl",174, Uncompress
"../CHNSteamPatch-v1.0.0-Setup/DIST/languagebarrier/c0data/sen_s1g.webp", "/sen_s1g.webp",175, Uncompress
"../CHNSteamPatch-v1.0.0-Setup/DIST/languagebarrier/c0data/sen_s1g_.mvl", "/sen_s1g_.mvl",176, Uncompress
"../CHNSteamPatch-v1.0.0-Setup/DIST/languagebarrier/c0data/shi_l1a.webp", "/shi_l1a.webp",177, Uncompress
"../CHNSteamPatch-v1.0.0-Setup/DIST/languagebarrier/c0data/shi_l1a_.mvl", "/shi_l1a_.mvl",178, Uncompress
"../CHNSteamPatch-v1.0.0-Setup/DIST/languagebarrier/c0data/shi_l2a.webp", "/shi_l2a.webp",179, Uncompress
"../CHNSteamPatch-v1.0.0-Setup/DIST/languagebarrier/c0data/shi_l2a_.mvl", "/shi_l2a_.mvl",180, Uncompress
"../CHNSteamPatch-v1.0.0-Setup/DIST/languagebarrier/c0data/shi_s1a.webp", "/shi_s1a.webp",181, Uncompress
"../CHNSteamPatch-v1.0.0-Setup/DIST/languagebarrier/c0data/shi_s1a_.mvl", "/shi_s1a_.mvl",182, Uncompress
"../CHNSteamPatch-v1.0.0-Setup/DIST/languagebarrier/c0data/shi_s2a.webp", "/shi_s2a.webp",183, Uncompress
"../CHNSteamPatch-v1.0.0-Setup/DIST/languagebarrier/c0data/shi_s2a_.mvl", "/shi_s2a_.mvl",184, Uncompress
"../CHNSteamPatch-v1.0.0-Setup/DIST/languagebarrier/c0data/sei_l7a.webp", "/sei_l7a.webp",185, Uncompress
"../CHNSteamPatch-v1.0.0-Setup/DIST/languagebarrier/c0data/sei_l7a_.mvl", "/sei_l7a_.mvl",186, Uncompress
"../CHNSteamPatch-v1.0.0-Setup/DIST/languagebarrier/c0data/sei_l8a.webp", "/sei_l8a.webp",187, Uncompress
"../CHNSteamPatch-v1.0.0-Setup/DIST/languagebarrier/c0data/sei_l8a_.mvl", "/sei_l8a_.mvl",188, Uncompress
"../CHNSteamPatch-v1.0.0-Setup/DIST/languagebarrier/c0data/sei_s7a.webp", "/sei_s7a.webp",189, Uncompress
"../CHNSteamPatch-v1.0.0-Setup/DIST/languagebarrier/c0data/sei_s7a_.mvl", "/sei_s7a_.mvl",190, Uncompress
"../CHNSteamPatch-v1.0.0-Setup/DIST/languagebarrier/c0data/sei_s8a.webp", "/sei_s8a.webp",191, Uncompress
"../CHNSteamPatch-v1.0.0-Setup/DIST/languagebarrier/c0data/sei_s8a_.mvl", "/sei_s8a_.mvl",192, Uncompress
"../CHNSteamPatch-v1.0.0-Setup/DIST/languagebarrier/c0data/sen_l9g.webp", "/sen_l9g.webp",193, Uncompress
"../CHNSteamPatch-v1.0.0-Setup/DIST/languagebarrier/c0data/sen_l9g_.mvl", "/sen_l9g_.mvl",194, Uncompress
"../CHNSteamPatch-v1.0.0-Setup/DIST/languagebarrier/c0data/sen_s9g.webp", "/sen_s9g.webp",195, Uncompress
"../CHNSteamPatch-v1.0.0-Setup/DIST/languagebarrier/c0data/sen_s9g_.mvl", "/sen_s9g_.mvl",196, Uncompress
"../CHNSteamPatch-v1.0.0-Setup/DIST/languagebarrier/c0data/ID00000.png", "/ID00000.png",197, Uncompress
"../CHNSteamPatch-v1.0.0-Setup/DIST/languagebarrier/c0data/ID00001.png", "/ID00001.png",198, Uncompress
"../CHNSteamPatch-v1.0.0-Setup/DIST/languagebarrier/c0data/ID00002.png", "/ID00002.png",199, Uncompress
"../CHNSteamPatch-v1.0.0-Setup/DIST/languagebarrier/c0data/mvbulletinboard.usm", "/mvbulletinboard.usm",200, Uncompress
"../CHNSteamPatch-v1.0.0-Setup/DIST/languagebarrier/c0data/mvchapter_a.usm", "/mvchapter_a.usm",201, Uncompress
"../CHNSteamPatch-v1.0.0-Setup/DIST/languagebarrier/c0data/mvchapter_b.usm", "/mvchapter_b.usm",202, Uncompress
"../CHNSteamPatch-v1.0.0-Setup/DIST/languagebarrier/c0data/mvchapter_c.usm", "/mvchapter_c.usm",203, Uncompress
"../CHNSteamPatch-v1.0.0-Setup/DIST/languagebarrier/c0data/mvchapter_d.usm", "/mvchapter_d.usm",204, Uncompress
"../CHNSteamPatch-v1.0.0-Setup/DIST/languagebarrier/c0data/mvchapter_e.usm", "/mvchapter_e.usm",205, Uncompress
"../CHNSteamPatch-v1.0.0-Setup/DIST/languagebarrier/c0data/mvchapter_f.usm", "/mvchapter_f.usm",206, Uncompress
"../CHNSteamPatch-v1.0.0-Setup/DIST/languagebarrier/c0data/mvchapter_g.usm", "/mvchapter_g.usm",207, Uncompress
"../CHNSteamPatch-v1.0.0-Setup/DIST/languagebarrier/c0data/mvchapter_h.usm", "/mvchapter_h.usm",208, Uncompress
"../CHNSteamPatch-v1.0.0-Setup/DIST/languagebarrier/c0data/mvchapter_i.usm", "/mvchapter_i.usm",209, Uncompress
"../CHNSteamPatch-v1.0.0-Setup/DIST/languagebarrier/c0data/mvchapter_j.usm", "/mvchapter_j.usm",210, Uncompress
"../CHNSteamPatch-v1.0.0-Setup/DIST/languagebarrier/c0data/mvchapter_k.usm", "/mvchapter_k.usm",211, Uncompress
"../CHNSteamPatch-v1.0.0-Setup/DIST/languagebarrier/c0data/mvchapter_l.usm", "/mvchapter_l.usm",212, Uncompress
"../CHNSteamPatch-v1.0.0-Setup/DIST/languagebarrier/c0data/mvchapter_m.usm", "/mvchapter_m.usm",213, Uncompress
"../CHNSteamPatch-v1.0.0-Setup/DIST/languagebarrier/c0data/mvchapter_n.usm", "/mvchapter_n.usm",214, Uncompress
"../CHNSteamPatch-v1.0.0-Setup/DIST/languagebarrier/c0data/mvchapter_o.usm", "/mvchapter_o.usm",215, Uncompress
"../CHNSteamPatch-v1.0.0-Setup/DIST/languagebarrier/c0data/mvchapter_p.usm", "/mvchapter_p.usm",216, Uncompress
"../CHNSteamPatch-v1.0.0-Setup/DIST/languagebarrier/c0data/mvchapter_q.usm", "/mvchapter_q.usm",217, Uncompress
"../CHNSteamPatch-v1.0.0-Setup/DIST/languagebarrier/c0data/mvend01.usm", "/mvend01.usm",218, Uncompress
"../CHNSteamPatch-v1.0.0-Setup/DIST/languagebarrier/c0data/mvend02.usm", "/mvend02.usm",219, Uncompress
"../CHNSteamPatch-v1.0.0-Setup/DIST/languagebarrier/c0data/mvend03.usm", "/mvend03.usm",220, Uncompress
"../CHNSteamPatch-v1.0.0-Setup/DIST/languagebarrier/c0data/mvend04.usm", "/mvend04.usm",221, Uncompress
"../CHNSteamPatch-v1.0.0-Setup/DIST/languagebarrier/c0data/mvend05.usm", "/mvend05.usm",222, Uncompress
"../CHNSteamPatch-v1.0.0-Setup/DIST/languagebarrier/c0data/mvend06.usm", "/mvend06.usm",223, Uncompress
"../CHNSteamPatch-v1.0.0-Setup/DIST/languagebarrier/c0data/mvend07.usm", "/mvend07.usm",224, Uncompress
"../CHNSteamPatch-v1.0.0-Setup/DIST/languagebarrier/c0data/mvend08.usm", "/mvend08.usm",225, Uncompress
"../CHNSteamPatch-v1.0.0-Setup/DIST/languagebarrier/c0data/mvend09.usm", "/mvend09.usm",226, Uncompress
"../CHNSteamPatch-v1.0.0-Setup/DIST/languagebarrier/c0data/mveyes01.usm", "/mveyes01.usm",227, Uncompress
"../CHNSteamPatch-v1.0.0-Setup/DIST/languagebarrier/c0data/mveyes03.usm", "/mveyes03.usm",228, Uncompress
"../CHNSteamPatch-v1.0.0-Setup/DIST/languagebarrier/c0data/mvgaya.usm", "/mvgaya.usm",229, Uncompress
"../CHNSteamPatch-v1.0.0-Setup/DIST/languagebarrier/c0data/mvinter01.usm", "/mvinter01.usm",230, Uncompress
"../CHNSteamPatch-v1.0.0-Setup/DIST/languagebarrier/c0data/mvnh01.usm", "/mvnh01.usm",231, Uncompress
"../CHNSteamPatch-v1.0.0-Setup/DIST/languagebarrier/c0data/mvpc01.usm", "/mvpc01.usm",232, Uncompress
"../CHNSteamPatch-v1.0.0-Setup/DIST/languagebarrier/c0data/mvpc02.usm", "/mvpc02.usm",233, Uncompress
"../CHNSteamPatch-v1.0.0-Setup/DIST/languagebarrier/c0data/mvselect02.usm", "/mvselect02.usm",234, Uncompress
"../CHNSteamPatch-v1.0.0-Setup/DIST/languagebarrier/c0data/mvsword03a.usm", "/mvsword03a.usm",235, Uncompress
"../CHNSteamPatch-v1.0.0-Setup/DIST/languagebarrier/c0data/SE_EX01.hca", "/SE_EX01.hca",236, Uncompress
"../CHNSteamPatch-v1.0.0-Setup/DIST/languagebarrier/c0data/SE_EX02.hca", "/SE_EX02.hca",237, Uncompress
"../CHNSteamPatch-v1.0.0-Setup/DIST/languagebarrier/c0data/SE_EX03.hca", "/SE_EX03.hca",238, Uncompress
"../CHNSteamPatch-v1.0.0-Setup/DIST/languagebarrier/c0data/SE_EX04.hca", "/SE_EX04.hca",239, Uncompress
"../CHNSteamPatch-v1.0.0-Setup/DIST/languagebarrier/c0data/SE_EX05.hca", "/SE_EX05.hca",240, Uncompress
"../CHNSteamPatch-v1.0.0-Setup/DIST/languagebarrier/c0data/SE_EX06.hca", "/SE_EX06.hca",241, Uncompress
"../CHNSteamPatch-v1.0.0-Setup/DIST/languagebarrier/c0data/SE_EX07.hca", "/SE_EX07.hca",242, Uncompress
"../CHNSteamPatch-v1.0.0-Setup/DIST/languagebarrier/c0data/SE_EX08.hca", "/SE_EX08.hca",243, Uncompress
"../CHNSteamPatch-v1.0.0-Setup/DIST/languagebarrier/c0data/backlog.png", "/backlog.png",244, Uncompress
"../CHNSteamPatch-v1.0.0-Setup/DIST/languagebarrier/c0data/chatchip.png", "/chatchip.png",245, Uncompress
"../CHNSteamPatch-v1.0.0-Setup/DIST/languagebarrier/c0data/config.png", "/config.png",246, Uncompress
"../CHNSteamPatch-v1.0.0-Setup/DIST/languagebarrier/c0data/data01.png", "/data01.png",247, Uncompress
"../CHNSteamPatch-v1.0.0-Setup/DIST/languagebarrier/c0data/eff_mtrg_mask.png", "/eff_mtrg_mask.png",248, Uncompress
"../CHNSteamPatch-v1.0.0-Setup/DIST/languagebarrier/c0data/eff_yesno_swim.png", "/eff_yesno_swim.png",249, Uncompress
"../CHNSteamPatch-v1.0.0-Setup/DIST/languagebarrier/c0data/library.png", "/library.png",250, Uncompress
"../CHNSteamPatch-v1.0.0-Setup/DIST/languagebarrier/c0data/loadmenu.png", "/loadmenu.png",251, Uncompress
"../CHNSteamPatch-v1.0.0-Setup/DIST/languagebarrier/c0data/menuchip.png", "/menuchip.png",252, Uncompress
"../CHNSteamPatch-v1.0.0-Setup/DIST/languagebarrier/c0data/movie.png", "/movie.png",253, Uncompress
"../CHNSteamPatch-v1.0.0-Setup/DIST/languagebarrier/c0data/music.png", "/music.png",254, Uncompress
"../CHNSteamPatch-v1.0.0-Setup/DIST/languagebarrier/c0data/qloadmenu.png", "/qloadmenu.png",255, Uncompress
"../CHNSteamPatch-v1.0.0-Setup/DIST/languagebarrier/c0data/rv01f.png", "/rv01f.png",256, Uncompress
"../CHNSteamPatch-v1.0.0-Setup/DIST/languagebarrier/c0data/rv01u.png", "/rv01u.png",257, Uncompress
"../CHNSteamPatch-v1.0.0-Setup/DIST/languagebarrier/c0data/rv02f.png", "/rv02f.png",258, Uncompress
"../CHNSteamPatch-v1.0.0-Setup/DIST/languagebarrier/c0data/rv02u.png", "/rv02u.png",259, Uncompress
"../CHNSteamPatch-v1.0.0-Setup/DIST/languagebarrier/c0data/rv03f.png", "/rv03f.png",260, Uncompress
"../CHNSteamPatch-v1.0.0-Setup/DIST/languagebarrier/c0data/rv03u.png", "/rv03u.png",261, Uncompress
"../CHNSteamPatch-v1.0.0-Setup/DIST/languagebarrier/c0data/rv04f.png", "/rv04f.png",262, Uncompress
"../CHNSteamPatch-v1.0.0-Setup/DIST/languagebarrier/c0data/rv04u.png", "/rv04u.png",263, Uncompress
"../CHNSteamPatch-v1.0.0-Setup/DIST/languagebarrier/c0data/savemenu.png", "/savemenu.png",264, Uncompress
"../CHNSteamPatch-v1.0.0-Setup/DIST/languagebarrier/c0data/shortcut_chip.png", "/shortcut_chip.png",265, Uncompress
"../CHNSteamPatch-v1.0.0-Setup/DIST/languagebarrier/c0data/shortcut_chip2.png", "/shortcut_chip2.png",266, Uncompress
"../CHNSteamPatch-v1.0.0-Setup/DIST/languagebarrier/c0data/tipschips.png", "/tipschips.png",267, Uncompress
"../CHNSteamPatch-v1.0.0-Setup/DIST/languagebarrier/c0data/titlemenu.png", "/titlemenu.png",268, Uncompress
"../CHNSteamPatch-v1.0.0-Setup/DIST/languagebarrier/c0data/titlemenu2.png", "/titlemenu2.png",269, Uncompress
"../CHNSteamPatch-v1.0.0-Setup/DIST/languagebarrier/c0data/titlemenu2_jp.png", "/titlemenu2_jp.png",270, Uncompress
"../CHNSteamPatch-v1.0.0-Setup/DIST/languagebarrier/c0data/wavtable.dat", "/wavtable.dat",271, Uncompress
"../CHNSteamPatch-v1.0.0-Setup/DIST/languagebarrier/c0data/ch09_19800050hd.hca", "/ch09_19800050hd.hca",272, Uncompress
"../CHNSteamPatch-v1.0.0-Setup/DIST/languagebarrier/c0data/ch09_19800060hd.hca", "/ch09_19800060hd.hca",273, Uncompress
"../CHNSteamPatch-v1.0.0-Setup/DIST/languagebarrier/c0data/ch09_19800070hd.hca", "/ch09_19800070hd.hca",274, Uncompress
"../CHNSteamPatch-v1.0.0-Setup/DIST/languagebarrier/c0data/ch09_19800070tk.hca", "/ch09_19800070tk.hca",275, Uncompress
"../CHNSteamPatch-v1.0.0-Setup/DIST/languagebarrier/c0data/ch09_19800090tk.hca", "/ch09_19800090tk.hca",276, Uncompress
"../CHNSteamPatch-v1.0.0-Setup/DIST/languagebarrier/c0data/ch09_19800100tk.hca", "/ch09_19800100tk.hca",277, Uncompress
"../CHNSteamPatch-v1.0.0-Setup/DIST/languagebarrier/c0data/ch09_19800110tk.hca", "/ch09_19800110tk.hca",278, Uncompress
"../CHNSteamPatch-v1.0.0-Setup/DIST/languagebarrier/c0data/ch10_21100720ri.hca", "/ch10_21100720ri.hca",279, Uncompress
"../CHNSteamPatch-v1.0.0-Setup/DIST/languagebarrier/c0data/ch10_21700250jn.hca", "/ch10_21700250jn.hca",280, Uncompress
"../CHNSteamPatch-v1.0.0-Setup/DIST/languagebarrier/c0data/ch10_21700260ot.hca", "/ch10_21700260ot.hca",281, Uncompress
"../CHNSteamPatch-v1.0.0-Setup/DIST/languagebarrier/c0data/ch10_21700270hd.hca", "/ch10_21700270hd.hca",282, Uncompress
"../CHNSteamPatch-v1.0.0-Setup/DIST/languagebarrier/c0data/ch10_21700280hd.hca", "/ch10_21700280hd.hca",283, Uncompress
"../CHNSteamPatch-v1.0.0-Setup/DIST/languagebarrier/c0data/ch10_21700290oo.hca", "/ch10_21700290oo.hca",284, Uncompress
"../CHNSteamPatch-v1.0.0-Setup/DIST/languagebarrier/c0data/ch10_21700300hd.hca", "/ch10_21700300hd.hca",285, Uncompress
"../CHNSteamPatch-v1.0.0-Setup/DIST/languagebarrier/c0data/ch10_21700310hd.hca", "/ch10_21700310hd.hca",286, Uncompress
"../CHNSteamPatch-v1.0.0-Setup/DIST/languagebarrier/c0data/ch10_21700320hd.hca", "/ch10_21700320hd.hca",287, Uncompress
"../CHNSteamPatch-v1.0.0-Setup/DIST/languagebarrier/c0data/ch10_21700330hd.hca", "/ch10_21700330hd.hca",288, Uncompress
"../CHNSteamPatch-v1.0.0-Setup/DIST/languagebarrier/c0data/ch10_21700340hd.hca", "/ch10_21700340hd.hca",289, Uncompress
"../CHNSteamPatch-v1.0.0-Setup/DIST/languagebarrier/c0data/ch10_21700350hd.hca", "/ch10_21700350hd.hca",290, Uncompress
"../CHNSteamPatch-v1.0.0-Setup/DIST/languagebarrier/c0data/ch10_21700360hd.hca", "/ch10_21700360hd.hca",291, Uncompress
"../CHNSteamPatch-v1.0.0-Setup/DIST/languagebarrier/c0data/ch10_21700370hd.hca", "/ch10_21700370hd.hca",292, Uncompress
"../CHNSteamPatch-v1.0.0-Setup/DIST/languagebarrier/c0data/ch10_21700380hd.hca", "/ch10_21700380hd.hca",293, Uncompress
"../CHNSteamPatch-v1.0.0-Setup/DIST/languagebarrier/c0data/ch10_21700390hd.hca", "/ch10_21700390hd.hca",294, Uncompress
"../CHNSteamPatch-v1.0.0-Setup/DIST/languagebarrier/c0data/ch10_21700400hd.hca", "/ch10_21700400hd.hca",295, Uncompress
"../CHNSteamPatch-v1.0.0-Setup/DIST/languagebarrier/c0data/ch10_21700410su.hca", "/ch10_21700410su.hca",296, Uncompress
"../CHNSteamPatch-v1.0.0-Setup/DIST/languagebarrier/c0data/ch10_21700420yz.hca", "/ch10_21700420yz.hca",297, Uncompress
"../CHNSteamPatch-v1.0.0-Setup/DIST/languagebarrier/c0data/ch10_21700430yz.hca", "/ch10_21700430yz.hca",298, Uncompress
"../CHNSteamPatch-v1.0.0-Setup/DIST/languagebarrier/c0data/ch10_21700440yz.hca", "/ch10_21700440yz.hca",299, Uncompress
"../CHNSteamPatch-v1.0.0-Setup/DIST/languagebarrier/c0data/ch10_21700450su.hca", "/ch10_21700450su.hca",300, Uncompress
"../CHNSteamPatch-v1.0.0-Setup/DIST/languagebarrier/c0data/ch10_21700460tg.hca", "/ch10_21700460tg.hca",301, Uncompress
"../CHNSteamPatch-v1.0.0-Setup/DIST/languagebarrier/c0data/ch10_21700470su.hca", "/ch10_21700470su.hca",302, Uncompress
"../CHNSteamPatch-v1.0.0-Setup/DIST/languagebarrier/c0data/ch10_21700480tg.hca", "/ch10_21700480tg.hca",303, Uncompress
"../CHNSteamPatch-v1.0.0-Setup/DIST/languagebarrier/c0data/ch10_21700490tg.hca", "/ch10_21700490tg.hca",304, Uncompress
"../CHNSteamPatch-v1.0.0-Setup/DIST/languagebarrier/c0data/ch10_21700500tg.hca", "/ch10_21700500tg.hca",305, Uncompress
"../CHNSteamPatch-v1.0.0-Setup/DIST/languagebarrier/c0data/ch10_21700510su.hca", "/ch10_21700510su.hca",306, Uncompress
"../CHNSteamPatch-v1.0.0-Setup/DIST/languagebarrier/c0data/ch10_21700520tg.hca", "/ch10_21700520tg.hca",307, Uncompress
"../CHNSteamPatch-v1.0.0-Setup/DIST/languagebarrier/c0data/ch10_21700530yz.hca", "/ch10_21700530yz.hca",308, Uncompress
"../CHNSteamPatch-v1.0.0-Setup/DIST/languagebarrier/c0data/ch10_21700540su.hca", "/ch10_21700540su.hca",309, Uncompress
"../CHNSteamPatch-v1.0.0-Setup/DIST/languagebarrier/c0data/ch10_21700550su.hca", "/ch10_21700550su.hca",310, Uncompress
"../CHNSteamPatch-v1.0.0-Setup/DIST/languagebarrier/c0data/ch10_21700560tg.hca", "/ch10_21700560tg.hca",311, Uncompress
"../CHNSteamPatch-v1.0.0-Setup/DIST/languagebarrier/c0data/ch10_21700570yz.hca", "/ch10_21700570yz.hca",312, Uncompress
"../CHNSteamPatch-v1.0.0-Setup/DIST/languagebarrier/c0data/ch10_21700580su.hca", "/ch10_21700580su.hca",313, Uncompress
"../CHNSteamPatch-v1.0.0-Setup/DIST/languagebarrier/c0data/chn04_01000280ko.hca", "/chn04_01000280ko.hca",314, Uncompress
"../CHNSteamPatch-v1.0.0-Setup/DIST/languagebarrier/c0data/chn04_01000290ko.hca", "/chn04_01000290ko.hca",315, Uncompress
"../CHNSteamPatch-v1.0.0-Setup/DIST/languagebarrier/c0data/chn04_01000300ko.hca", "/chn04_01000300ko.hca",316, Uncompress
"../CHNSteamPatch-v1.0.0-Setup/DIST/languagebarrier/c0data/bgmex.hca", "/bgmex.hca",317, Uncompress